County Name,State Name,Confirmed,New,Death,Fatality Rate,Latitude,Longitude,Last Update
New York,New York,2469,598,11,0.4%,40.71455,-74.00714,2020-03-19 13:27 EDT
Westchester,New York,798,260,0,0%,41.16319759,-73.7560629,2020-03-19 13:27 EDT
Nassau,New York,372,94,1,0.3%,40.74165225,-73.58899619,2020-03-19 13:27 EDT
Suffolk,New York,178,26,3,1.7%,40.87732808,-72.85898036,2020-03-19 13:27 EDT
Rockland,New York,53,22,1,1.9%,41.152374,-74.02401032,2020-03-19 13:27 EDT
Orange,New York,51,19,0,0%,41.40206825,-74.30559567,2020-03-19 13:27 EDT
Albany,New York,43,7,0,0%,42.65155,-73.75520999999999,2020-03-19 13:27 EDT
Dutchess,New York,31,11,0,0%,41.76477515,-73.74281684,2020-03-19 13:27 EDT
Monroe,New York,30,8,1,3.3%,43.14604282,-77.69674911,2020-03-19 13:27 EDT
Erie,New York,28,1,0,0%,42.76382119,-78.73224973,2020-03-19 13:27 EDT
Saratoga,New York,14,0,0,0%,43.06974,-73.63661,2020-03-19 13:27 EDT
Schenectady,New York,14,0,0,0%,42.81238,-73.94122,2020-03-19 13:27 EDT
Ulster,New York,9,0,0,0%,41.95986,-73.99033,2020-03-19 13:27 EDT
Tompkins,New York,6,0,0,0%,42.44933495,-76.47064359,2020-03-19 13:27 EDT
Onondaga,New York,6,0,0,0%,43.004870000000004,-76.1836,2020-03-19 13:27 EDT
Rensselaer,New York,4,0,0,0%,42.71086263,-73.5097379,2020-03-19 13:27 EDT
Niagara,New York,4,3,0,0%,43.19998147,-78.74522262,2020-03-19 13:27 EDT
Putnam,New York,2,0,0,0%,41.42653455,-73.7494999,2020-03-19 13:27 EDT
Greene,New York,2,0,0,0%,42.27654571,-74.12261588,2020-03-19 13:27 EDT
Montgomery,New York,2,0,0,0%,42.90229179999999,-74.43960085,2020-03-19 13:27 EDT
Allegany,New York,2,0,0,0%,42.25739788,-78.02755444,2020-03-19 13:27 EDT
Oneida,New York,2,0,0,0%,43.24306498,-75.42583597,2020-03-19 13:27 EDT
Wyoming,New York,2,1,0,0%,42.70242659,-78.22443261,2020-03-19 13:27 EDT
Delaware,New York,1,0,0,0%,42.19804334,-74.96635196,2020-03-19 13:27 EDT
Herkimer,New York,1,0,0,0%,43.0259,-74.98433,2020-03-19 13:27 EDT
Broome,New York,1,0,0,0%,42.16021802,-75.81964586,2020-03-19 13:27 EDT
Tioga,New York,1,0,0,0%,42.06057,-76.34519,2020-03-19 13:27 EDT
Ontario,New York,1,0,0,0%,42.85288942,-77.29981098,2020-03-19 13:27 EDT
Clinton,New York,1,0,0,0%,43.04825,-75.37878,2020-03-19 13:27 EDT
Essex,New York,1,0,0,0%,44.10755697,-73.79125847,2020-03-19 13:27 EDT
Sullivan,New York,1,0,0,0%,41.71631354,-74.76811083,2020-03-19 13:27 EDT
Genesee,New York,1,0,0,0%,43.00094016,-78.1936949,2020-03-19 13:27 EDT
Warren,New York,1,0,0,0%,43.5592099,-73.85881158,2020-03-19 13:27 EDT
Washington,New York,1,0,0,0%,43.31227113,-73.43096234,2020-03-19 13:27 EDT
Hamilton,New York,1,0,0,0%,43.66130373,-74.49733573,2020-03-19 13:27 EDT
Chenango,New York,1,0,0,0%,42.49349443,-75.61153709999999,2020-03-19 13:27 EDT
Schoharie,New York,1,0,0,0%,42.58820746,-74.44213588,2020-03-19 13:27 EDT
King,Washington,562,0,56,10%,47.49011813,-121.8043324,2020-03-19 13:27 EDT
Snohomish,Washington,310,0,6,1.9%,47.9124,-122.09306000000001,2020-03-19 13:27 EDT
Pierce,Washington,56,0,1,1.8%,47.02270813,-122.1014408,2020-03-19 13:27 EDT
Island,Washington,16,0,0,0%,48.19160936,-122.6650075,2020-03-19 13:27 EDT
Skagit,Washington,14,0,0,0%,48.47933023,-121.72808020000001,2020-03-19 13:27 EDT
Kitsap,Washington,9,0,0,0%,47.47496219,-122.6085325,2020-03-19 13:27 EDT
Grant,Washington,8,0,1,12.5%,47.19885794,-119.4525987,2020-03-19 13:27 EDT
Whatcom,Washington,7,0,0,0%,48.82559702,-121.7174182,2020-03-19 13:27 EDT
Yakima,Washington,7,0,0,0%,46.60448,-120.50721000000001,2020-03-19 13:27 EDT
Thurston,Washington,6,0,0,0%,46.91980578,-122.82986909999998,2020-03-19 13:27 EDT
Spokane,Washington,5,0,0,0%,47.65726,-117.41228000000001,2020-03-19 13:27 EDT
Jefferson,Washington,4,0,0,0%,47.74810608,-123.6000095,2020-03-19 13:27 EDT
Clark,Washington,4,0,3,75%,45.78187331,-122.48127849999999,2020-03-19 13:27 EDT
Kittitas,Washington,4,0,0,0%,46.98472,-120.41752,2020-03-19 13:27 EDT
Chelan,Washington,2,0,0,0%,47.86707169,-120.62526770000001,2020-03-19 13:27 EDT
Benton-Franklin,Washington,2,0,1,50%,38.553779999999996,-91.00092,2020-03-19 13:27 EDT
Grays Harbor,Washington,1,0,0,0%,47.15055235,-123.7737432,2020-03-19 13:27 EDT
Columbia,Washington,1,0,0,0%,46.29757684,-117.90786340000001,2020-03-19 13:27 EDT
Lincoln,Washington,1,0,0,0%,47.57305061,-118.4177041,2020-03-19 13:27 EDT
Cowlitz,Washington,1,0,0,0%,46.19454048,-122.67832720000001,2020-03-19 13:27 EDT
Lewis,Washington,1,0,0,0%,46.57779491,-122.39291580000001,2020-03-19 13:27 EDT
Klickitat,Washington,1,0,0,0%,45.87640914,-120.79203970000002,2020-03-19 13:27 EDT
Mason,Washington,1,0,0,0%,38.61504,-83.80988,2020-03-19 13:27 EDT
Los Angeles,California,190,0,1,0.5%,34.053490000000004,-118.24531999999999,2020-03-19 13:27 EDT
Santa Clara,California,175,0,6,3.4%,37.35579,-121.95508999999998,2020-03-19 13:27 EDT
San Mateo,California,80,0,1,1.3%,37.54704,-122.31485,2020-03-19 13:27 EDT
San Diego,California,76,0,0,0%,32.71568,-117.16171000000001,2020-03-19 13:27 EDT
San Francisco,California,70,19,0,0%,37.777120000000004,-122.41963999999999,2020-03-19 13:27 EDT
Orange,California,42,0,0,0%,33.78787,-117.85071,2020-03-19 13:27 EDT
Contra Costa,California,41,2,0,0%,37.91793732,-121.9259354,2020-03-19 13:27 EDT
Sacramento,California,40,0,2,5%,38.579440000000005,-121.49085,2020-03-19 13:27 EDT
Alameda,California,34,0,0,0%,37.76683,-122.2453,2020-03-19 13:27 EDT
Riverside,California,16,0,3,18.8%,33.98171,-117.37404,2020-03-19 13:27 EDT
Marin,California,15,0,0,0%,38.07188727,-122.7195348,2020-03-19 13:27 EDT
San Joaquin,California,14,0,2,14.3%,37.93479557,-121.2713112,2020-03-19 13:27 EDT
Santa Cruz,California,13,0,0,0%,36.97424,-122.03098,2020-03-19 13:27 EDT
Ventura,California,13,1,0,0%,34.28082,-119.29231999999999,2020-03-19 13:27 EDT
Placer,California,9,0,1,11.1%,39.05913563,-120.75363279999999,2020-03-19 13:27 EDT
Solano,California,8,0,0,0%,38.27793363,-121.9272405,2020-03-19 13:27 EDT
San Luis Obispo,California,7,0,0,0%,35.285790000000006,-120.66275,2020-03-19 13:27 EDT
Sonoma,California,6,0,0,0%,38.29188,-122.45728000000001,2020-03-19 13:27 EDT
Yolo,California,5,0,0,0%,38.73431,-121.81278999999999,2020-03-19 13:27 EDT
Stanislaus,California,5,0,0,0%,37.55932622,-120.9976619,2020-03-19 13:27 EDT
Tulare,California,5,0,0,0%,36.20649,-119.34305,2020-03-19 13:27 EDT
San Bernardino,California,5,0,0,0%,34.10524,-117.29411999999999,2020-03-19 13:27 EDT
San Benito,California,3,0,0,0%,36.50506,-121.08332,2020-03-19 13:27 EDT
Fresno,California,3,0,0,0%,36.740840000000006,-119.78551999999999,2020-03-19 13:27 EDT
Santa Barbara,California,3,0,0,0%,34.41938,-119.69905,2020-03-19 13:27 EDT
Calaveras,California,2,0,0,0%,38.20473567,-120.55406550000001,2020-03-19 13:27 EDT
Imperial,California,2,0,0,0%,32.84748,-115.56952,2020-03-19 13:27 EDT
Monterey,California,2,0,0,0%,36.21714603,-121.2390196,2020-03-19 13:27 EDT
Humboldt,California,1,0,0,0%,40.69879803,-123.87371470000001,2020-03-19 13:27 EDT
Madera,California,1,0,0,0%,36.96205,-120.06398999999999,2020-03-19 13:27 EDT
Shasta,California,1,0,0,0%,40.598279999999995,-122.49095,2020-03-19 13:27 EDT
Nevada,California,1,0,0,0%,34.06589,-117.21746,2020-03-19 13:27 EDT
Kern,California,1,0,0,0%,35.34281638,-118.7299395,2020-03-19 13:27 EDT
Grand Princess,California,0,0,1,Infinity%,33.96649,-117.40709,2020-03-19 13:27 EDT
Bergen,New Jersey,114,0,2,1.8%,40.95949149,-74.074442,2020-03-19 13:27 EDT
Essex,New Jersey,45,0,1,2.2%,40.78779259,-74.24760059,2020-03-19 13:27 EDT
Middlesex,New Jersey,40,0,0,0%,40.57936,-74.50067,2020-03-19 13:27 EDT
Hudson,New Jersey,34,0,1,2.9%,40.74034231,-74.07410970000001,2020-03-19 13:27 EDT
Monmouth,New Jersey,32,0,1,3.1%,40.2600411,-74.22194634,2020-03-19 13:27 EDT
Union,New Jersey,26,0,0,0%,40.69635,-74.26957,2020-03-19 13:27 EDT
Morris,New Jersey,19,0,0,0%,40.86201902,-74.5442741,2020-03-19 13:27 EDT
Passaic,New Jersey,18,0,0,0%,40.86034,-74.12374,2020-03-19 13:27 EDT
Somerset,New Jersey,16,0,0,0%,40.49859,-74.52249,2020-03-19 13:27 EDT
Mercer,New Jersey,15,0,0,0%,40.28331911,-74.70157374,2020-03-19 13:27 EDT
Burlington,New Jersey,10,0,0,0%,40.07687,-74.85775,2020-03-19 13:27 EDT
Camden,New Jersey,8,0,0,0%,39.94525,-75.11913,2020-03-19 13:27 EDT
Ocean,New Jersey,8,0,0,0%,39.90927434,-74.2969653,2020-03-19 13:27 EDT
Hunterdon,New Jersey,6,0,0,0%,40.56725317,-74.91217921,2020-03-19 13:27 EDT
Atlantic,New Jersey,3,0,0,0%,39.4806564,-74.67264306,2020-03-19 13:27 EDT
Gloucester,New Jersey,2,0,0,0%,39.71720107,-75.14164366,2020-03-19 13:27 EDT
Gloucester,New Jersey,2,0,0,0%,39.71720107,-75.14164366,2020-03-19 13:27 EDT
Warren,New Jersey,1,0,0,0%,40.85732358,-74.997063,2020-03-19 13:27 EDT
Broward,Florida,96,16,1,1%,26.15224542,-80.48705340000001,2020-03-19 13:27 EDT
Dade,Florida,86,9,0,0%,25.77885375,-80.17996506,2020-03-19 13:27 EDT
Palm Beach,Florida,29,8,0,0%,26.70288,-80.03661,2020-03-19 13:27 EDT
Hillsborough,Florida,19,5,0,0%,27.93023096,-82.30785534,2020-03-19 13:27 EDT
Collier,Florida,18,5,0,0%,26.11625563,-81.34013334,2020-03-19 13:27 EDT
Duval,Florida,15,1,0,0%,30.478440000000003,-81.62557,2020-03-19 13:27 EDT
Orange,Florida,15,4,2,13.3%,41.33141,-74.35667,2020-03-19 13:27 EDT
Pinellas,Florida,14,2,0,0%,27.9313392,-82.72194025,2020-03-19 13:27 EDT
Lee,Florida,11,0,1,9.1%,26.57965162,-81.82468531,2020-03-19 13:27 EDT
Alachua,Florida,10,3,0,0%,29.793090000000003,-82.49428,2020-03-19 13:27 EDT
Manatee,Florida,9,1,1,11.1%,27.49643,-82.53954,2020-03-19 13:27 EDT
Volusia,Florida,9,0,0,0%,29.169340000000002,-81.52251,2020-03-19 13:27 EDT
Osceola,Florida,9,1,0,0%,28.06812578,-81.14519655,2020-03-19 13:27 EDT
Seminole,Florida,8,1,0,0%,28.71700144,-81.23632262,2020-03-19 13:27 EDT
Sarasota,Florida,5,1,0,0%,27.338890000000003,-82.53886999999999,2020-03-19 13:27 EDT
Leon,Florida,4,3,1,25%,30.45796803,-84.27794359,2020-03-19 13:27 EDT
Okaloosa,Florida,4,0,0,0%,30.70702353,-86.59650821,2020-03-19 13:27 EDT
Pasco,Florida,4,1,0,0%,28.32453,-82.33624,2020-03-19 13:27 EDT
Clay,Florida,4,0,2,50%,29.98305516,-81.85778209,2020-03-19 13:27 EDT
St. Johns,Florida,4,0,0,0%,30.120509999999996,-81.62536,2020-03-19 13:27 EDT
Citrus,Florida,3,0,0,0%,28.850778899999998,-82.46594866,2020-03-19 13:27 EDT
Santa Rosa,Florida,2,1,1,50%,30.73147611,-87.01761385,2020-03-19 13:27 EDT
Lake,Florida,2,0,0,0%,28.76261973,-81.71155351,2020-03-19 13:27 EDT
Polk,Florida,2,0,0,0%,27.94887824,-81.69776009,2020-03-19 13:27 EDT
Brevard,Florida,2,0,0,0%,28.29348419,-80.73235631,2020-03-19 13:27 EDT
Gadsden,Florida,1,0,0,0%,30.57948492,-84.61351742,2020-03-19 13:27 EDT
Charlotte,Florida,1,0,0,0%,26.90848328,-81.90343918,2020-03-19 13:27 EDT
Nassau,Florida,1,0,0,0%,30.61077673,-81.80173997,2020-03-19 13:27 EDT
Escambia,Florida,1,0,0,0%,30.70048478,-87.37722154,2020-03-19 13:27 EDT
Walton,Florida,1,0,0,0%,30.65939599,-86.16268062,2020-03-19 13:27 EDT
Sumter,Florida,1,0,0,0%,28.70474449,-82.0809939,2020-03-19 13:27 EDT
Orleans,Louisiana,231,35,6,2.6%,30.03843182,-89.90055149,2020-03-19 13:27 EDT
Jefferson,Louisiana,62,17,1,1.6%,29.9596,-90.17182,2020-03-19 13:27 EDT
St. Tammany,Louisiana,10,0,0,0%,30.39408,-89.89506999999999,2020-03-19 13:27 EDT
Caddo,Louisiana,7,1,0,0%,32.75632,-93.97374,2020-03-19 13:27 EDT
East Baton Rouge,Louisiana,5,2,0,0%,30.53926541,-91.09217012,2020-03-19 13:27 EDT
Lafourche,Louisiana,4,1,0,0%,29.765290000000004,-90.76881,2020-03-19 13:27 EDT
St. Charles,Louisiana,4,1,0,0%,29.905279800000002,-90.3824403,2020-03-19 13:27 EDT
Terrebonne,Louisiana,4,1,0,0%,29.43006669,-90.87546183,2020-03-19 13:27 EDT
St. Bernard,Louisiana,4,1,0,0%,29.86715,-89.85868,2020-03-19 13:27 EDT
Bossier,Louisiana,2,1,0,0%,32.67886191,-93.60531071,2020-03-19 13:27 EDT
St. John the Baptist,Louisiana,2,1,0,0%,30.07866499,-90.54541322,2020-03-19 13:27 EDT
Ascension,Louisiana,2,1,0,0%,30.20549338,-90.90885829999999,2020-03-19 13:27 EDT
Washington,Louisiana,2,1,0,0%,30.85339216,-90.04050446,2020-03-19 13:27 EDT
Lafayette,Louisiana,2,2,0,0%,30.20678822,-92.06389372,2020-03-19 13:27 EDT
St. James,Louisiana,1,0,1,100%,30.41825,-91.09344,2020-03-19 13:27 EDT
Plaquemines,Louisiana,1,1,0,0%,29.48327508,-89.6525564,2020-03-19 13:27 EDT
West Baton Rouge,Louisiana,1,1,0,0%,30.450190000000003,-91.20510999999999,2020-03-19 13:27 EDT
Cook,Illinois,178,0,1,0.6%,41.84014932,-87.81682325,2020-03-19 13:27 EDT
DuPage,Illinois,45,0,0,0%,41.85194049,-88.08561127,2020-03-19 13:27 EDT
Lake,Illinois,18,0,0,0%,42.32327645,-88.00353452,2020-03-19 13:27 EDT
Will,Illinois,8,5,0,0%,41.44505655,-87.97865231,2020-03-19 13:27 EDT
Kane,Illinois,4,0,0,0%,41.93887565,-88.42863925,2020-03-19 13:27 EDT
McHenry,Illinois,4,0,0,0%,42.326209999999996,-88.26731,2020-03-19 13:27 EDT
St. Clair,Illinois,3,0,0,0%,38.46996471,-89.92749975,2020-03-19 13:27 EDT
Sangamon,Illinois,3,0,0,0%,39.75815792,-89.65888740000001,2020-03-19 13:27 EDT
Clinton,Illinois,3,0,0,0%,40.148790000000005,-88.96396999999999,2020-03-19 13:27 EDT
Peoria,Illinois,3,0,0,0%,40.69236,-89.58799,2020-03-19 13:27 EDT
Kendall,Illinois,2,0,0,0%,41.59058793,-88.42880574,2020-03-19 13:27 EDT
Woodford,Illinois,1,0,0,0%,40.84437,-89.02781,2020-03-19 13:27 EDT
Cumberland,Illinois,1,0,0,0%,39.27332831,-88.24016822,2020-03-19 13:27 EDT
Champaign,Illinois,1,0,0,0%,40.1142,-88.2435,2020-03-19 13:27 EDT
Winnebago,Illinois,1,0,0,0%,42.265679999999996,-89.24139,2020-03-19 13:27 EDT
Whiteside,Illinois,1,0,0,0%,41.75533495,-89.91231676,2020-03-19 13:27 EDT
Madison,Illinois,1,0,0,0%,38.83006224,-89.9017802,2020-03-19 13:27 EDT
Jackson,Illinois,1,0,0,0%,37.78549498,-89.38103883,2020-03-19 13:27 EDT
Williamson,Illinois,1,0,0,0%,37.73016812,-88.92990905,2020-03-19 13:27 EDT
Fulton,Georgia,66,17,0,0%,33.79024066,-84.46711002,2020-03-19 13:27 EDT
Cobb,Georgia,37,9,1,2.7%,33.9414802,-84.57663741,2020-03-19 13:27 EDT
Bartow,Georgia,26,7,0,0%,34.23764397,-84.84072940000001,2020-03-19 13:27 EDT
DeKalb,Georgia,22,4,0,0%,33.77153731,-84.22646531,2020-03-19 13:27 EDT
Dougherty,Georgia,20,13,2,10%,31.53332494,-84.21629439,2020-03-19 13:27 EDT
Cherokee,Georgia,16,7,0,0%,34.24398966,-84.47624414,2020-03-19 13:27 EDT
Gwinnett,Georgia,12,5,0,0%,33.96118879,-84.0235873,2020-03-19 13:27 EDT
Fayette,Georgia,9,1,0,0%,33.413909100000005,-84.49427247,2020-03-19 13:27 EDT
Lowndes,Georgia,8,3,0,0%,30.83362831,-83.26769554,2020-03-19 13:27 EDT
Clarke,Georgia,8,3,0,0%,33.95110572,-83.36741217,2020-03-19 13:27 EDT
Floyd,Georgia,6,0,0,0%,34.26324245,-85.21452762,2020-03-19 13:27 EDT
Clayton,Georgia,6,0,0,0%,33.54197299,-84.35769948,2020-03-19 13:27 EDT
Hall,Georgia,5,2,0,0%,34.32041152,-83.81043541,2020-03-19 13:27 EDT
Lee,Georgia,3,1,0,0%,31.77959716,-84.14088023,2020-03-19 13:27 EDT
Gordon,Georgia,3,0,0,0%,34.50319646,-84.87587883,2020-03-19 13:27 EDT
Coweta,Georgia,3,0,0,0%,33.35360269,-84.76336691,2020-03-19 13:27 EDT
Henry,Georgia,3,1,0,0%,33.45301628,-84.15426282,2020-03-19 13:27 EDT
Newton,Georgia,3,0,0,0%,33.55500659,-83.8502182,2020-03-19 13:27 EDT
Forsyth,Georgia,3,1,0,0%,34.22493225,-84.13349923,2020-03-19 13:27 EDT
Paulding,Georgia,3,0,0,0%,33.92042456,-84.8672012,2020-03-19 13:27 EDT
Troup,Georgia,2,0,0,0%,33.03351893,-85.02826168,2020-03-19 13:27 EDT
Richmond,Georgia,2,1,0,0%,33.35962968,-82.07361638,2020-03-19 13:27 EDT
Polk,Georgia,1,0,0,0%,34.00168812,-85.18810974,2020-03-19 13:27 EDT
Charlton,Georgia,1,0,0,0%,30.78171091,-82.13776476,2020-03-19 13:27 EDT
Columbia,Georgia,1,0,0,0%,33.53724806,-82.26219609,2020-03-19 13:27 EDT
Houston,Georgia,1,0,0,0%,32.45894643,-83.66617499,2020-03-19 13:27 EDT
Whitfield,Georgia,1,0,0,0%,34.80552576,-84.96721045,2020-03-19 13:27 EDT
Barrow,Georgia,1,0,0,0%,33.99322516,-83.71272533,2020-03-19 13:27 EDT
Middlesex,Massachusetts,100,0,0,0%,42.48559407,-71.3917913,2020-03-19 13:27 EDT
Suffolk,Massachusetts,51,0,0,0%,42.33189157,-71.07537429,2020-03-19 13:27 EDT
Norfolk,Massachusetts,45,0,0,0%,42.119409999999995,-71.33083,2020-03-19 13:27 EDT
Berkshire,Massachusetts,17,0,0,0%,42.51105,-73.19426,2020-03-19 13:27 EDT
Essex,Massachusetts,14,0,0,0%,42.632509999999996,-70.78113,2020-03-19 13:27 EDT
Worcester,Massachusetts,10,0,0,0%,42.26341,-71.80219,2020-03-19 13:27 EDT
Bristol,Massachusetts,5,0,0,0%,41.79836956,-71.11428121,2020-03-19 13:27 EDT
Plymouth,Massachusetts,5,0,0,0%,41.92808,-70.6568,2020-03-19 13:27 EDT
Barnstable,Massachusetts,2,0,0,0%,41.70194,-70.30442,2020-03-19 13:27 EDT
Hampden,Massachusetts,2,0,0,0%,42.064613,-72.422,2020-03-19 13:27 EDT
Franklin,Massachusetts,1,0,0,0%,42.58654867,-72.59777313,2020-03-19 13:27 EDT
Dallas,Texas,39,0,0,0%,32.778220000000005,-96.79512,2020-03-19 13:27 EDT
Harris,Texas,29,1,0,0%,29.85762795,-95.39311138,2020-03-19 13:27 EDT
Bexar,Texas,25,0,0,0%,29.44892069,-98.52000770000001,2020-03-19 13:27 EDT
Travis,Texas,23,0,0,0%,30.33462266,-97.78218981,2020-03-19 13:27 EDT
Collin,Texas,13,0,1,7.7%,33.1968,-96.80393000000001,2020-03-19 13:27 EDT
Fort Bend,Texas,12,0,0,0%,29.52745252,-95.77065084,2020-03-19 13:27 EDT
Tarrant,Texas,8,0,1,12.5%,32.8173,-97.07655,2020-03-19 13:27 EDT
Montgomery,Texas,7,0,0,0%,30.38862,-95.69633,2020-03-19 13:27 EDT
Smith,Texas,5,0,0,0%,32.37505601,-95.26910259,2020-03-19 13:27 EDT
Bell,Texas,5,0,0,0%,31.03765881,-97.47807382,2020-03-19 13:27 EDT
Hays,Texas,5,0,0,0%,30.118170000000003,-97.87222,2020-03-19 13:27 EDT
Denton,Texas,5,0,0,0%,33.216590000000004,-97.13162,2020-03-19 13:27 EDT
McLennan,Texas,5,0,0,0%,31.55234029,-97.20180587,2020-03-19 13:27 EDT
Galveston,Texas,4,0,0,0%,29.29532,-94.80790999999999,2020-03-19 13:27 EDT
Brazoria,Texas,4,0,0,0%,29.049709999999997,-95.56200000000001,2020-03-19 13:27 EDT
Williamson,Texas,4,0,0,0%,30.64806761,-97.60077209,2020-03-19 13:27 EDT
El Paso,Texas,3,0,0,0%,31.759159999999998,-106.48749,2020-03-19 13:27 EDT
Matagorda,Texas,3,0,1,33.3%,28.691229999999997,-95.96755,2020-03-19 13:27 EDT
Brazos,Texas,3,0,0,0%,30.66048584,-96.30207301,2020-03-19 13:27 EDT
Lubbock,Texas,3,0,0,0%,33.61019304,-101.8204416,2020-03-19 13:27 EDT
Potter,Texas,2,0,0,0%,35.40127385,-101.8939736,2020-03-19 13:27 EDT
Gregg,Texas,1,0,0,0%,32.48062462,-94.81699103,2020-03-19 13:27 EDT
Lavaca,Texas,1,0,0,0%,29.38432888,-96.93010975,2020-03-19 13:27 EDT
Bowie,Texas,1,0,0,0%,33.5594,-97.84836999999999,2020-03-19 13:27 EDT
Webb,Texas,1,0,0,0%,32.63263,-97.07418,2020-03-19 13:27 EDT
Rusk,Texas,1,0,0,0%,31.79591,-95.14990999999999,2020-03-19 13:27 EDT
Ellis,Texas,1,0,0,0%,32.34839289,-96.79460418,2020-03-19 13:27 EDT
Wichita,Texas,1,0,0,0%,33.98410156,-98.70169462,2020-03-19 13:27 EDT
Johnson,Texas,1,0,0,0%,32.37899029,-97.36641179,2020-03-19 13:27 EDT
Comal,Texas,1,0,0,0%,29.80818438,-98.2781952,2020-03-19 13:27 EDT
Grimes,Texas,1,0,0,0%,30.54365581,-95.98530182,2020-03-19 13:27 EDT
Fannin,Texas,1,0,0,0%,33.59309617,-96.10695931,2020-03-19 13:27 EDT
Jefferson,Texas,1,0,0,0%,29.88366401,-94.16922753,2020-03-19 13:27 EDT
DeWitt,Texas,1,0,0,0%,29.08205895,-97.3568176,2020-03-19 13:27 EDT
Brown,Texas,1,0,0,0%,31.77427489,-98.99985028,2020-03-19 13:27 EDT
Van Zandt,Texas,1,0,0,0%,32.56229951,-95.83587208,2020-03-19 13:27 EDT
Denver,Colorado,43,0,0,0%,39.74001,-104.99202,2020-03-19 13:27 EDT
Eagle,Colorado,39,0,0,0%,39.65565,-106.82788000000001,2020-03-19 13:27 EDT
Jefferson,Colorado,25,0,0,0%,39.58643164,-105.25040220000001,2020-03-19 13:27 EDT
Arapahoe,Colorado,22,0,0,0%,39.64976719,-104.33920440000001,2020-03-19 13:27 EDT
Douglas,Colorado,11,0,0,0%,39.32966642,-104.9295706,2020-03-19 13:27 EDT
Pitkin,Colorado,11,0,0,0%,39.21712515,-106.9167355,2020-03-19 13:27 EDT
Gunnison,Colorado,11,0,0,0%,38.54526,-106.92692,2020-03-19 13:27 EDT
Boulder,Colorado,11,0,0,0%,40.01574,-105.27923999999999,2020-03-19 13:27 EDT
Adams,Colorado,10,0,0,0%,39.87375914,-104.3366349,2020-03-19 13:27 EDT
Weld,Colorado,9,0,1,11.1%,40.55477273,-104.3924353,2020-03-19 13:27 EDT
El Paso,Colorado,8,0,1,12.5%,38.83212691,-104.5255141,2020-03-19 13:27 EDT
Summit,Colorado,5,0,0,0%,39.6341694,-106.1163607,2020-03-19 13:27 EDT
Larimer,Colorado,4,0,0,0%,40.66645245,-105.46093629999999,2020-03-19 13:27 EDT
Unassign,Colorado,3,0,0,0%,29.62086756,-96.52629252,2020-03-19 13:27 EDT
Routt,Colorado,2,0,0,0%,40.48499792,-106.9912189,2020-03-19 13:27 EDT
Garfield,Colorado,2,0,0,0%,39.59922654,-107.90400190000001,2020-03-19 13:27 EDT
Clear Creek,Colorado,2,0,0,0%,39.68905313,-105.6443322,2020-03-19 13:27 EDT
Pueblo,Colorado,1,0,0,0%,38.26375,-104.61251999999999,2020-03-19 13:27 EDT
Mesa,Colorado,1,0,0,0%,39.16616,-108.13888999999999,2020-03-19 13:27 EDT
Grand,Colorado,1,0,0,0%,40.10263738,-106.1182838,2020-03-19 13:27 EDT
Montgomery,Pennsylvania,47,5,0,0%,40.21089424,-75.36736378,2020-03-19 13:27 EDT
Philadelphia,Pennsylvania,34,0,0,0%,39.952220000000004,-75.16218,2020-03-19 13:27 EDT
Allegheny,Pennsylvania,18,6,0,0%,40.45082,-80.01615,2020-03-19 13:27 EDT
Monroe,Pennsylvania,15,7,0,0%,41.05811592,-75.33939791,2020-03-19 13:27 EDT
Delaware,Pennsylvania,14,0,0,0%,39.9167251,-75.39898556,2020-03-19 13:27 EDT
Bucks,Pennsylvania,12,0,0,0%,40.33694044,-75.10679406,2020-03-19 13:27 EDT
Cumberland,Pennsylvania,11,1,0,0%,40.16367663,-77.26538073,2020-03-19 13:27 EDT
Chester,Pennsylvania,10,1,0,0%,39.97320372,-75.74845154,2020-03-19 13:27 EDT
Northampton,Pennsylvania,5,4,1,20%,40.6836,-75.49108000000001,2020-03-19 13:27 EDT
Pike,Pennsylvania,3,1,0,0%,41.33202501,-75.03382353,2020-03-19 13:27 EDT
Washington,Pennsylvania,3,1,0,0%,40.16752,-80.24648,2020-03-19 13:27 EDT
Beaver,Pennsylvania,2,0,0,0%,40.6964,-80.30196,2020-03-19 13:27 EDT
York,Pennsylvania,2,0,0,0%,39.91993202,-76.72645287,2020-03-19 13:27 EDT
Lancaster,Pennsylvania,2,1,0,0%,40.04236245,-76.24767325,2020-03-19 13:27 EDT
Lackawanna,Pennsylvania,2,1,0,0%,41.43685633,-75.60917996,2020-03-19 13:27 EDT
Wayne,Pennsylvania,1,0,0,0%,41.64878798,-75.30324861,2020-03-19 13:27 EDT
Lehigh,Pennsylvania,1,0,0,0%,40.61265671,-75.59232058,2020-03-19 13:27 EDT
Luzerne,Pennsylvania,1,0,0,0%,41.28669,-75.90272,2020-03-19 13:27 EDT
Berks,Pennsylvania,1,0,0,0%,40.41633729,-75.92604542,2020-03-19 13:27 EDT
Erie,Pennsylvania,1,0,0,0%,41.99166483,-80.03220618,2020-03-19 13:27 EDT
Unassign,Pennsylvania,0,0,0,NaN%,40.15663516,-74.85652586,2020-03-19 13:27 EDT
Oakland,Michigan,94,35,1,1.1%,42.74214,-83.16174000000001,2020-03-19 13:27 EDT
Wayne,Michigan,23,0,2,8.7%,42.28515,-83.3836,2020-03-19 13:27 EDT
Macomb,Michigan,20,10,0,0%,42.69565,-82.92171,2020-03-19 13:27 EDT
Washtenaw,Michigan,14,7,0,0%,42.25322942,-83.83877634,2020-03-19 13:27 EDT
Ingham,Michigan,5,0,0,0%,42.59709245,-84.37353421,2020-03-19 13:27 EDT
Kent,Michigan,5,0,0,0%,43.03216204,-85.54929822,2020-03-19 13:27 EDT
St. Clair,Michigan,2,0,0,0%,42.83189,-82.50220999999999,2020-03-19 13:27 EDT
Montcalm,Michigan,1,0,0,0%,43.31095473,-85.1525018,2020-03-19 13:27 EDT
Bay,Michigan,1,0,0,0%,43.70732889,-83.99203709,2020-03-19 13:27 EDT
Charlevoix,Michigan,1,0,0,0%,45.31653,-85.26071999999999,2020-03-19 13:27 EDT
Monroe,Michigan,1,0,0,0%,41.916059999999995,-83.3979,2020-03-19 13:27 EDT
Ottawa,Michigan,1,0,0,0%,42.96071229,-85.99516567,2020-03-19 13:27 EDT
Leelanau,Michigan,1,0,0,0%,44.93849073,-85.81182341,2020-03-19 13:27 EDT
Otsego,Michigan,1,0,0,0%,42.46051,-85.69685,2020-03-19 13:27 EDT
Jackson,Michigan,1,0,0,0%,42.24848235,-84.42344983,2020-03-19 13:27 EDT
Durham,North Carolina,32,5,0,0%,35.99542,-78.89644,2020-03-19 13:27 EDT
Mecklenburg,North Carolina,30,17,0,0%,35.24147789,-80.83080552,2020-03-19 13:27 EDT
Wake,North Carolina,22,0,0,0%,35.79010846,-78.65039764,2020-03-19 13:27 EDT
Harnett,North Carolina,4,0,0,0%,35.34117,-78.78837,2020-03-19 13:27 EDT
Chatham,North Carolina,3,0,0,0%,35.70262985,-79.25541576,2020-03-19 13:27 EDT
Forsyth,North Carolina,2,0,0,0%,36.13053703,-80.25630221,2020-03-19 13:27 EDT
Johnston,North Carolina,2,0,0,0%,35.51765595,-78.36573857,2020-03-19 13:27 EDT
Craven,North Carolina,2,1,0,0%,35.11728658,-77.08247035,2020-03-19 13:27 EDT
Watauga,North Carolina,2,0,0,0%,36.23101355,-81.69645582,2020-03-19 13:27 EDT
Iredell,North Carolina,2,0,0,0%,33.93323,-78.59111999999999,2020-03-19 13:27 EDT
Cabarrus,North Carolina,1,0,0,0%,35.2372,-80.5423,2020-03-19 13:27 EDT
Onslow,North Carolina,1,0,0,0%,34.73346891,-77.42966411,2020-03-19 13:27 EDT
Wayne,North Carolina,1,0,0,0%,35.36376229,-78.0041603,2020-03-19 13:27 EDT
Brunswick,North Carolina,1,0,0,0%,34.07059384,-78.23749682,2020-03-19 13:27 EDT
Wilson,North Carolina,1,0,0,0%,35.721959999999996,-77.91637,2020-03-19 13:27 EDT
Sampson,North Carolina,1,0,0,0%,34.99160724,-78.37157696,2020-03-19 13:27 EDT
Guilford,North Carolina,1,0,0,0%,36.07946818,-79.78897008,2020-03-19 13:27 EDT
Lincoln,North Carolina,1,0,0,0%,35.48576876,-81.23065125,2020-03-19 13:27 EDT
Gaston,North Carolina,1,0,0,0%,35.29417636,-81.18015484,2020-03-19 13:27 EDT
New Hanover,North Carolina,1,0,0,0%,34.23292157,-77.88477524,2020-03-19 13:27 EDT
Union,North Carolina,1,0,0,0%,34.98832565,-80.53074453,2020-03-19 13:27 EDT
Moore,North Carolina,1,0,0,0%,35.3106825,-79.48131025,2020-03-19 13:27 EDT
Buncombe,North Carolina,1,0,0,0%,35.61113256,-82.53009394,2020-03-19 13:27 EDT
Hoke,North Carolina,1,0,0,0%,35.01729402,-79.23716267,2020-03-19 13:27 EDT
Pitt,North Carolina,1,1,0,0%,35.59351086,-77.37466837,2020-03-19 13:27 EDT
Davidson,North Carolina,1,1,0,0%,35.79317658,-80.21270474,2020-03-19 13:27 EDT
Milwaukee,Wisconsin,47,0,0,0%,43.042,-87.90687,2020-03-19 13:27 EDT
Dane,Wisconsin,23,0,0,0%,43.2509,-89.51829000000001,2020-03-19 13:27 EDT
Fond du Lac,Wisconsin,13,0,0,0%,43.77302,-88.44709,2020-03-19 13:27 EDT
Waukesha,Wisconsin,5,0,0,0%,43.01458,-88.23548000000001,2020-03-19 13:27 EDT
Winnebago,Wisconsin,5,0,0,0%,44.07516,-88.52521999999999,2020-03-19 13:27 EDT
Sheboygan,Wisconsin,4,0,0,0%,43.74978,-87.71343,2020-03-19 13:27 EDT
Kenosha,Wisconsin,4,0,0,0%,42.58808,-87.82326,2020-03-19 13:27 EDT
La Crosse,Wisconsin,3,1,0,0%,43.812670000000004,-91.25206,2020-03-19 13:27 EDT
Washington,Wisconsin,2,0,0,0%,43.36846263,-88.23074627,2020-03-19 13:27 EDT
Brown,Wisconsin,2,0,0,0%,44.45262729,-88.00370915,2020-03-19 13:27 EDT
Pierce,Wisconsin,1,0,0,0%,44.72273325,-92.42192317,2020-03-19 13:27 EDT
Racine,Wisconsin,1,0,0,0%,42.725640000000006,-87.78955,2020-03-19 13:27 EDT
Wood,Wisconsin,1,0,0,0%,44.475229999999996,-90.16062,2020-03-19 13:27 EDT
Outagamie,Wisconsin,1,0,0,0%,44.41615179,-88.46497822,2020-03-19 13:27 EDT
Walworth,Wisconsin,1,0,0,0%,42.66860085,-88.54195408,2020-03-19 13:27 EDT
Ozaukee,Wisconsin,1,0,0,0%,43.38406045,-87.95080924,2020-03-19 13:27 EDT
Eau Claire,Wisconsin,1,1,0,0%,44.81658,-91.50076999999999,2020-03-19 13:27 EDT
Montgomery,Maryland,33,2,0,0%,39.13636819,-77.20403165,2020-03-19 13:27 EDT
Prince George's,Maryland,23,3,1,4.3%,38.82838616,-76.84587073,2020-03-19 13:27 EDT
Howard,Maryland,16,8,0,0%,39.25112784,-76.9312584,2020-03-19 13:27 EDT
Baltimore,Maryland,12,2,0,0%,39.29058,-76.60925999999999,2020-03-19 13:27 EDT
Baltimore City,Maryland,8,4,0,0%,39.30194126,-76.61111168,2020-03-19 13:27 EDT
Anne Arundel,Maryland,5,1,0,0%,39.00889701,-76.60328627,2020-03-19 13:27 EDT
Harford,Maryland,3,0,0,0%,39.55444035,-76.31583955,2020-03-19 13:27 EDT
Charles,Maryland,2,0,0,0%,38.47410423,-77.01286707,2020-03-19 13:27 EDT
Carroll,Maryland,2,1,0,0%,39.5629588,-77.02246566,2020-03-19 13:27 EDT
Talbot,Maryland,1,0,0,0%,38.75926446,-76.11366953,2020-03-19 13:27 EDT
Frederick,Maryland,1,0,0,0%,39.41574,-77.41203,2020-03-19 13:27 EDT
Calvert,Maryland,1,1,0,0%,38.54020822,-76.56511395,2020-03-19 13:27 EDT
Davidson,Tennessee,58,0,0,0%,36.16956079999999,-86.78475676,2020-03-19 13:27 EDT
Williamson,Tennessee,24,0,0,0%,35.89382673,-86.89863959,2020-03-19 13:27 EDT
Shelby,Tennessee,10,6,0,0%,31.956559999999996,-94.31826,2020-03-19 13:27 EDT
Hamilton,Tennessee,3,0,0,0%,35.17932044,-85.16684143,2020-03-19 13:27 EDT
Knox,Tennessee,2,0,0,0%,35.9956069,-83.93465204,2020-03-19 13:27 EDT
Sumner,Tennessee,2,0,0,0%,36.46946208,-86.46033197,2020-03-19 13:27 EDT
Sullivan,Tennessee,1,0,0,0%,36.51280182,-82.30449503,2020-03-19 13:27 EDT
Jefferson,Tennessee,1,0,0,0%,36.05717538,-83.45179448,2020-03-19 13:27 EDT
Rutherford,Tennessee,1,0,0,0%,35.84274327,-86.41675248,2020-03-19 13:27 EDT
Campbell,Tennessee,1,0,0,0%,36.40345626,-84.14936087,2020-03-19 13:27 EDT
Sevier,Tennessee,1,0,0,0%,35.78406841,-83.52422241,2020-03-19 13:27 EDT
Cheatham,Tennessee,1,0,0,0%,36.26137095,-87.08723567,2020-03-19 13:27 EDT
Robertson,Tennessee,1,0,0,0%,36.52542953,-86.87055295,2020-03-19 13:27 EDT
Fairfield,Connecticut,69,0,2,2.9%,41.16633,-73.22876,2020-03-19 13:27 EDT
Hartford,Connecticut,11,0,0,0%,41.76375,-72.67394,2020-03-19 13:27 EDT
New Haven,Connecticut,10,0,0,0%,41.308009999999996,-72.92432,2020-03-19 13:27 EDT
Litchfield,Connecticut,5,0,0,0%,41.74626,-73.18895,2020-03-19 13:27 EDT
Middlesex,Connecticut,1,0,0,0%,41.463066600000005,-72.53470405,2020-03-19 13:27 EDT
Tolland,Connecticut,1,0,0,0%,41.85504483,-72.33656749,2020-03-19 13:27 EDT
Fairfax,Virginia,14,0,0,0%,38.84179,-77.30887,2020-03-19 13:27 EDT
Arlington,Virginia,14,0,0,0%,38.8905,-77.08629,2020-03-19 13:27 EDT
James City,Virginia,13,0,1,7.7%,37.31327387,-76.77335259,2020-03-19 13:27 EDT
Loudoun,Virginia,5,0,0,0%,39.09069908,-77.63564793,2020-03-19 13:27 EDT
Chesterfield,Virginia,5,0,0,0%,37.377559999999995,-77.50816999999999,2020-03-19 13:27 EDT
Virginia Beach City,Virginia,4,0,0,0%,36.74817867,-76.0574891,2020-03-19 13:27 EDT
Prince William,Virginia,4,0,0,0%,38.7024474,-77.4800235,2020-03-19 13:27 EDT
Richmond City,Virginia,3,0,0,0%,37.52950871,-77.47573291,2020-03-19 13:27 EDT
Alexandria City,Virginia,2,0,0,0%,38.81838615,-77.08622964,2020-03-19 13:27 EDT
Stafford,Virginia,2,0,0,0%,38.42346,-77.40816,2020-03-19 13:27 EDT
Henrico,Virginia,2,0,0,0%,37.55,-77.4,2020-03-19 13:27 EDT
Spotsylvania,Virginia,1,0,0,0%,38.20174,-77.58855,2020-03-19 13:27 EDT
Hanover,Virginia,1,0,0,0%,37.768809999999995,-77.37109,2020-03-19 13:27 EDT
Prince Edward,Virginia,1,0,0,0%,37.22429738,-78.44105653,2020-03-19 13:27 EDT
Harrisonburg,Virginia,1,0,0,0%,38.45163,-78.8697,2020-03-19 13:27 EDT
Charlottesville City,Virginia,1,0,0,0%,38.03731327,-78.48702109,2020-03-19 13:27 EDT
York,Virginia,1,0,1,100%,37.24188617,-76.55913612,2020-03-19 13:27 EDT
Williamsburg,Virginia,1,0,0,0%,37.26927,-76.70756,2020-03-19 13:27 EDT
Goochland,Virginia,1,0,0,0%,37.72201887,-77.91622239,2020-03-19 13:27 EDT
Charles City,Virginia,1,0,0,0%,37.34197,-77.0725,2020-03-19 13:27 EDT
Lynchburg,Virginia,1,0,0,0%,37.40040903,-79.19097922,2020-03-19 13:27 EDT
Norfolk,Virginia,1,0,0,0%,36.89279963,-76.26098429,2020-03-19 13:27 EDT
Hennepin,Minnesota,32,4,0,0%,45.00575776,-93.4749321,2020-03-19 13:27 EDT
Ramsey,Minnesota,12,0,0,0%,45.01812241,-93.09961678,2020-03-19 13:27 EDT
Dakota,Minnesota,8,0,0,0%,44.67098069,-93.06667775,2020-03-19 13:27 EDT
Anoka,Minnesota,6,3,0,0%,45.19833,-93.38996999999999,2020-03-19 13:27 EDT
Olmsted,Minnesota,6,0,0,0%,44.00379942,-92.40181819,2020-03-19 13:27 EDT
Carver,Minnesota,3,1,0,0%,44.76325,-93.62524,2020-03-19 13:27 EDT
Stearns,Minnesota,3,0,0,0%,45.55209682,-94.61375674,2020-03-19 13:27 EDT
Washington,Minnesota,3,0,0,0%,45.04110113,-92.88337857,2020-03-19 13:27 EDT
Martin,Minnesota,3,1,0,0%,43.67434914,-94.55104942,2020-03-19 13:27 EDT
Wright,Minnesota,2,0,0,0%,45.17344199,-93.9635579,2020-03-19 13:27 EDT
Blue earth,Minnesota,2,0,0,0%,43.64155,-94.09094,2020-03-19 13:27 EDT
Nicollet,Minnesota,2,0,0,0%,44.34967975,-94.24686405,2020-03-19 13:27 EDT
Renville,Minnesota,1,0,0,0%,44.78921,-95.21243,2020-03-19 13:27 EDT
Waseca,Minnesota,1,0,0,0%,44.07804,-93.50742,2020-03-19 13:27 EDT
Benton,Minnesota,1,0,0,0%,44.77609,-93.78113,2020-03-19 13:27 EDT
Wadena,Minnesota,1,1,0,0%,46.58569452,-94.96940787,2020-03-19 13:27 EDT
Mower,Minnesota,1,1,0,0%,43.67148239,-92.75250118,2020-03-19 13:27 EDT
Rice,Minnesota,1,1,0,0%,44.35426198,-93.29671495,2020-03-19 13:27 EDT
Scott,Minnesota,1,1,0,0%,44.648511,-93.535747,2020-03-19 13:27 EDT
Cuyahoga,Ohio,38,0,0,0%,41.42441485,-81.65858169,2020-03-19 13:27 EDT
Butler,Ohio,8,0,0,0%,39.43863845,-84.57616769,2020-03-19 13:27 EDT
Franklin,Ohio,7,0,0,0%,39.96947128,-83.00933072,2020-03-19 13:27 EDT
Lorain,Ohio,6,0,0,0%,41.4682,-82.17815,2020-03-19 13:27 EDT
Summit,Ohio,4,0,0,0%,41.12591572,-81.53218826,2020-03-19 13:27 EDT
Medina,Ohio,4,0,0,0%,41.14042,-81.86402,2020-03-19 13:27 EDT
Stark,Ohio,3,0,0,0%,40.81390964,-81.3656565,2020-03-19 13:27 EDT
Mahoning,Ohio,3,0,0,0%,41.01464431,-80.77623825,2020-03-19 13:27 EDT
Trumbull,Ohio,2,0,0,0%,41.31706712,-80.7611827,2020-03-19 13:27 EDT
Belmont,Ohio,2,0,0,0%,40.02955,-81.03891,2020-03-19 13:27 EDT
Lake,Ohio,2,0,0,0%,41.69640842,-81.23731889,2020-03-19 13:27 EDT
Coshocton,Ohio,2,0,0,0%,40.301617799999995,-81.92001377,2020-03-19 13:27 EDT
Lucas,Ohio,1,0,0,0%,41.61985841,-83.65977665,2020-03-19 13:27 EDT
Tuscarawas,Ohio,1,0,0,0%,40.39758,-81.40727,2020-03-19 13:27 EDT
Geauga,Ohio,1,0,0,0%,41.49954507,-81.17858376,2020-03-19 13:27 EDT
Darke,Ohio,1,0,0,0%,40.13323815,-84.61936159,2020-03-19 13:27 EDT
Huron,Ohio,1,0,0,0%,41.14620646,-82.59834972,2020-03-19 13:27 EDT
Ashland,Ohio,1,0,0,0%,40.84598539,-82.27068220000001,2020-03-19 13:27 EDT
Delaware,Ohio,1,0,0,0%,40.27842038,-83.00497693,2020-03-19 13:27 EDT
Montgomery,Ohio,1,0,0,0%,39.75468776,-84.29097551,2020-03-19 13:27 EDT
Clark,Nevada,69,0,1,1.4%,36.21709974,-115.0246913,2020-03-19 13:27 EDT
Washoe,Nevada,14,0,0,0%,40.68696023,-119.66599099999999,2020-03-19 13:27 EDT
Carson City,Nevada,1,0,0,0%,39.16506,-119.76697,2020-03-19 13:27 EDT
Washington,Oregon,23,0,1,4.3%,45.56005965,-123.098408,2020-03-19 13:27 EDT
Linn,Oregon,15,0,0,0%,44.4887414,-122.5343983,2020-03-19 13:27 EDT
Marion,Oregon,8,0,0,0%,44.75045,-122.94051999999999,2020-03-19 13:27 EDT
Deschutes,Oregon,6,0,0,0%,44.159240000000004,-121.25967,2020-03-19 13:27 EDT
Clackamas,Oregon,6,0,0,0%,45.41211,-122.56908999999999,2020-03-19 13:27 EDT
Multnomah,Oregon,3,0,1,33.3%,45.46975,-122.70562,2020-03-19 13:27 EDT
â€‹Benton,Oregon,3,0,0,0%,44.4918359,-123.4292918,2020-03-19 13:27 EDT
Jackson,Oregon,2,0,0,0%,42.4321189,-122.72848619999999,2020-03-19 13:27 EDT
Umatilla,Oregon,2,0,0,0%,45.91768,-119.34203000000001,2020-03-19 13:27 EDT
Yamhill,Oregon,2,0,0,0%,45.34037,-123.18786999999999,2020-03-19 13:27 EDT
Lane,Oregon,2,0,1,50%,43.93873498,-122.84792730000001,2020-03-19 13:27 EDT
Klamath,Oregon,1,0,0,0%,42.69219137,-121.64335179999999,2020-03-19 13:27 EDT
Douglas,Oregon,1,0,0,0%,43.27977096,-123.16648719999999,2020-03-19 13:27 EDT
Polk,Oregon,1,0,0,0%,44.90373452,-123.4127777,2020-03-19 13:27 EDT
Jefferson,Alabama,31,6,0,0%,33.55427371,-86.89648912,2020-03-19 13:27 EDT
Lee,Alabama,10,2,0,0%,32.60103513,-85.35548613,2020-03-19 13:27 EDT
Shelby,Alabama,8,4,0,0%,33.113,-86.58361,2020-03-19 13:27 EDT
Elmore,Alabama,5,1,0,0%,32.54165,-86.31093,2020-03-19 13:27 EDT
Tuscaloosa,Alabama,4,1,0,0%,33.21042,-87.56625,2020-03-19 13:27 EDT
Montgomery,Alabama,2,0,0,0%,32.38015,-86.30008000000001,2020-03-19 13:27 EDT
Limestone,Alabama,1,0,0,0%,34.81489201,-86.97728456,2020-03-19 13:27 EDT
Baldwin,Alabama,1,0,0,0%,30.73589116,-87.72352514,2020-03-19 13:27 EDT
St. Clair,Alabama,1,0,0,0%,32.32347,-86.61664,2020-03-19 13:27 EDT
Madison,Alabama,1,0,0,0%,34.76311801,-86.55018951,2020-03-19 13:27 EDT
Calhoun,Alabama,1,0,0,0%,33.77138006,-85.82610844,2020-03-19 13:27 EDT
Chambers,Alabama,1,0,0,0%,32.91425002,-85.39199738,2020-03-19 13:27 EDT
Talladega,Alabama,1,1,0,0%,33.38013838,-86.16584527,2020-03-19 13:27 EDT
Walker,Alabama,1,1,0,0%,33.7422,-87.25376,2020-03-19 13:27 EDT
Salt Lake,Utah,23,0,0,0%,40.76031,-111.88821999999999,2020-03-19 13:27 EDT
Summit,Utah,15,0,0,0%,40.86809857,-110.95584640000001,2020-03-19 13:27 EDT
Non-Utah resident,Utah,10,0,0,0%,39.32372519,-111.67824840000002,2020-03-19 13:27 EDT
Davis,Utah,6,0,0,0%,40.99973617,-111.9800051,2020-03-19 13:27 EDT
Weber-Morgan,Utah,4,0,0,0%,41.2245943,-111.9703114,2020-03-19 13:27 EDT
Wasatch,Utah,2,0,0,0%,40.3304771,-111.1683986,2020-03-19 13:27 EDT
Cache,Utah,2,0,0,0%,41.72244399,-111.7435477,2020-03-19 13:27 EDT
Southwest Utah,Utah,1,0,0,0%,37.00357734,-112.9680908,2020-03-19 13:27 EDT
Tooele,Utah,1,0,0,0%,40.534079999999996,-112.29848999999999,2020-03-19 13:27 EDT
Bear River,Utah,1,0,0,0%,40.867222,-110.83583300000001,2020-03-19 13:27 EDT
Utah,Utah,1,0,0,0%,40.11356385,-111.6594534,2020-03-19 13:27 EDT
Kershaw,South Carolina,25,0,0,0%,34.33892207,-80.59029602,2020-03-19 13:27 EDT
Beaufort,South Carolina,6,0,0,0%,32.43119,-80.66993000000001,2020-03-19 13:27 EDT
Horry,South Carolina,5,0,0,0%,33.93188,-79.1347,2020-03-19 13:27 EDT
Charleston,South Carolina,4,0,0,0%,32.78115,-79.9316,2020-03-19 13:27 EDT
Lexington,South Carolina,4,0,1,25%,33.98105,-81.23595,2020-03-19 13:27 EDT
Richland,South Carolina,4,0,0,0%,34.02145286,-80.90134504,2020-03-19 13:27 EDT
Greenville,South Carolina,3,0,0,0%,34.84827,-82.40011,2020-03-19 13:27 EDT
Lancaster,South Carolina,2,0,0,0%,34.72096,-80.77112,2020-03-19 13:27 EDT
Anderson,South Carolina,2,0,0,0%,34.500609999999995,-82.64962,2020-03-19 13:27 EDT
Spartanburg,South Carolina,1,0,0,0%,34.94838,-81.93494,2020-03-19 13:27 EDT
Fairfield,South Carolina,1,0,0,0%,34.39518619,-81.12116934,2020-03-19 13:27 EDT
Calhoun,South Carolina,1,0,0,0%,33.67595941,-80.78363901,2020-03-19 13:27 EDT
York,South Carolina,1,0,0,0%,34.97475038,-81.18448769,2020-03-19 13:27 EDT
Lee,South Carolina,1,0,0,0%,34.16328963,-80.25444247,2020-03-19 13:27 EDT
Marion,Indiana,19,8,1,5.3%,39.78174364,-86.13841490000001,2020-03-19 13:27 EDT
Howard,Indiana,5,3,0,0%,40.48359609,-86.11686027,2020-03-19 13:27 EDT
Hendricks,Indiana,4,0,0,0%,39.483833000000004,-86.068651,2020-03-19 13:27 EDT
Lake,Indiana,4,1,0,0%,41.4166063,-87.38217401,2020-03-19 13:27 EDT
Johnson,Indiana,3,0,1,33.3%,39.48998224,-86.10160833,2020-03-19 13:27 EDT
St. Joseph,Indiana,3,2,0,0%,41.61672009,-86.28991117,2020-03-19 13:27 EDT
Hamilton,Indiana,2,0,0,0%,40.07251369,-86.05201795,2020-03-19 13:27 EDT
Franklin,Indiana,2,0,0,0%,39.41487151,-85.06025193,2020-03-19 13:27 EDT
Noble,Indiana,1,0,0,0%,41.39858246,-85.41743879,2020-03-19 13:27 EDT
Adams,Indiana,1,0,0,0%,40.74565068,-84.93663421,2020-03-19 13:27 EDT
Boone,Indiana,1,0,0,0%,40.05074486,-86.46869878,2020-03-19 13:27 EDT
Wells,Indiana,1,0,0,0%,40.72919489,-85.22121595,2020-03-19 13:27 EDT
LaPorte,Indiana,1,0,0,0%,41.6106,-86.72251999999999,2020-03-19 13:27 EDT
Floyd,Indiana,1,0,0,0%,38.318983100000004,-85.90692978,2020-03-19 13:27 EDT
Bartholomew,Indiana,1,0,0,0%,39.20594992,-85.8975923,2020-03-19 13:27 EDT
Clark,Indiana,1,0,0,0%,38.47741675,-85.70747393,2020-03-19 13:27 EDT
Fayette,Indiana,1,0,0,0%,39.64006518,-85.17871479,2020-03-19 13:27 EDT
Jennings,Indiana,1,0,0,0%,38.99694082,-85.62804372,2020-03-19 13:27 EDT
Tippecanoe,Indiana,1,0,0,0%,40.38856752,-86.89409188,2020-03-19 13:27 EDT
Madison,Indiana,1,1,0,0%,40.16165564,-85.71935843,2020-03-19 13:27 EDT
Wayne,Indiana,1,1,0,0%,39.86443721,-85.00984284,2020-03-19 13:27 EDT
Owen,Indiana,1,1,0,0%,39.31272984,-86.83764090000001,2020-03-19 13:27 EDT
Cumberland,Maine,25,1,0,0%,43.790279999999996,-70.24611999999999,2020-03-19 13:27 EDT
Androscoggin,Maine,3,0,0,0%,44.16587609,-70.20645861,2020-03-19 13:27 EDT
Lincoln,Maine,3,0,0,0%,44.07018534,-69.54387103,2020-03-19 13:27 EDT
Kennebec,Maine,3,2,0,0%,44.40914805,-69.76727562,2020-03-19 13:27 EDT
York,Maine,2,0,0,0%,43.47852983,-70.71542947,2020-03-19 13:27 EDT
Oxford,Maine,1,0,0,0%,44.50009572,-70.75666912,2020-03-19 13:27 EDT
Penobscot,Maine,1,0,0,0%,45.40051207,-68.64945726,2020-03-19 13:27 EDT
Hancock,Maine,1,1,0,0%,44.66861141,-68.35812311,2020-03-19 13:27 EDT
Pearl River,Mississippi,7,3,0,0%,30.768543400000002,-89.58975736,2020-03-19 13:27 EDT
Harrison,Mississippi,7,3,0,0%,30.51215635,-89.11668435,2020-03-19 13:27 EDT
Hinds,Mississippi,6,0,0,0%,32.26676751,-90.4426253,2020-03-19 13:27 EDT
Forrest,Mississippi,4,1,0,0%,31.18883949,-89.25783485,2020-03-19 13:27 EDT
Leflore,Mississippi,4,0,0,0%,33.55052797,-90.30106536,2020-03-19 13:27 EDT
Copiah,Mississippi,2,0,0,0%,31.869320399999996,-90.44885969,2020-03-19 13:27 EDT
Hancock,Mississippi,2,0,0,0%,30.416343800000003,-89.48879815,2020-03-19 13:27 EDT
Jackson,Mississippi,2,1,0,0%,30.54327789,-88.6359578,2020-03-19 13:27 EDT
Desoto,Mississippi,2,1,0,0%,34.87494026,-89.98882209,2020-03-19 13:27 EDT
Bolivar,Mississippi,2,0,0,0%,33.79576737,-90.87602886,2020-03-19 13:27 EDT
Coahoma,Mississippi,2,0,0,0%,34.22735359,-90.59769074,2020-03-19 13:27 EDT
Monroe,Mississippi,1,0,0,0%,33.89226612,-88.48051389,2020-03-19 13:27 EDT
Perry,Mississippi,1,0,0,0%,31.17193306,-88.99230846,2020-03-19 13:27 EDT
Madison,Mississippi,1,0,0,0%,32.63807955,-90.03502697,2020-03-19 13:27 EDT
Holmes,Mississippi,1,1,0,0%,33.12351878,-90.09205303,2020-03-19 13:27 EDT
Jones,Mississippi,1,1,0,0%,31.62253561,-89.16873777,2020-03-19 13:27 EDT
Smith,Mississippi,1,1,0,0%,32.01768129,-89.50668357,2020-03-19 13:27 EDT
Walthall,Mississippi,1,1,0,0%,31.14842844,-90.10609793,2020-03-19 13:27 EDT
Wilkinson,Mississippi,1,1,0,0%,31.16041084,-91.30894605,2020-03-19 13:27 EDT
Winston,Mississippi,1,1,0,0%,33.08842772,-89.03451565,2020-03-19 13:27 EDT
Yazoo,Mississippi,1,1,0,0%,32.780320399999994,-90.39643393,2020-03-19 13:27 EDT
Jefferson,Arkansas,3,0,0,0%,34.37911,-92.16608000000001,2020-03-19 13:27 EDT
Washington,Arkansas,1,0,0,0%,35.97848657,-94.21608058,2020-03-19 13:27 EDT
Maricopa,Arizona,22,11,0,0%,33.348824699999994,-112.49127879999999,2020-03-19 13:27 EDT
Pinal,Arizona,10,2,0,0%,32.90431973,-111.34476470000001,2020-03-19 13:27 EDT
Pima,Arizona,7,2,0,0%,32.09727123,-111.78976709999999,2020-03-19 13:27 EDT
Navajo,Arizona,3,0,0,0%,35.39955057,-110.3213878,2020-03-19 13:27 EDT
Graham,Arizona,1,0,0,0%,32.87449,-109.74198,2020-03-19 13:27 EDT
Coconino,Arizona,1,0,0,0%,35.83777098,-111.77082620000002,2020-03-19 13:27 EDT
Washington,District of Columbia,40,0,0,0%,38.890370000000004,-77.03196,2020-03-19 13:27 EDT
Rockingham,New Hampshire,17,0,0,0%,43.04954,-70.93216,2020-03-19 13:27 EDT
Hillsborough,New Hampshire,8,0,0,0%,43.1443,-71.93271999999999,2020-03-19 13:27 EDT
Grafton,New Hampshire,7,0,0,0%,43.56212,-71.95114000000001,2020-03-19 13:27 EDT
Carroll,New Hampshire,4,0,0,0%,44.29787,-71.54184000000001,2020-03-19 13:27 EDT
Berknap,New Hampshire,2,0,0,0%,43.50919599,-71.43072444,2020-03-19 13:27 EDT
Merrimack,New Hampshire,1,0,0,0%,43.29765353,-71.680181,2020-03-19 13:27 EDT
Johnson,Iowa,21,0,0,0%,41.67149574,-91.58805417,2020-03-19 13:27 EDT
Dallas,Iowa,5,0,0,0%,41.68481683,-94.03976204,2020-03-19 13:27 EDT
Polk,Iowa,3,0,0,0%,41.68541161,-93.57344237,2020-03-19 13:27 EDT
Allamakee,Iowa,2,0,0,0%,43.28531816,-91.3847131,2020-03-19 13:27 EDT
Pottawattamie,Iowa,1,0,0,0%,41.33665838,-95.54141965,2020-03-19 13:27 EDT
Carroll,Iowa,1,0,0,0%,42.06585,-94.86793,2020-03-19 13:27 EDT
Harrison,Iowa,1,0,0,0%,41.683014,-95.81552401,2020-03-19 13:27 EDT
Adair,Iowa,1,0,0,0%,41.33074348,-94.47094644,2020-03-19 13:27 EDT
Black Hawk,Iowa,1,0,0,0%,42.49406,-92.344716,2020-03-19 13:27 EDT
Scott,Iowa,1,0,0,0%,41.63840205,-90.62636833,2020-03-19 13:27 EDT
Washington,Iowa,1,0,0,0%,41.33558131,-91.71785751,2020-03-19 13:27 EDT
Winneshiek,Iowa,1,0,0,0%,43.29067088,-91.84366779,2020-03-19 13:27 EDT
Fayette,Kentucky,8,0,0,0%,38.04227216,-84.45868673,2020-03-19 13:27 EDT
Jefferson,Kentucky,8,0,0,0%,38.18589024,-85.65499484,2020-03-19 13:27 EDT
Harrison,Kentucky,6,0,0,0%,38.44174035,-84.33140447,2020-03-19 13:27 EDT
Montgomery,Kentucky,2,0,0,0%,38.03347158,-83.91302990000001,2020-03-19 13:27 EDT
Nelson,Kentucky,1,0,0,0%,37.80507638,-85.46597155,2020-03-19 13:27 EDT
Clark,Kentucky,1,0,0,0%,37.97082287,-84.14733588,2020-03-19 13:27 EDT
Bourbon,Kentucky,1,0,1,100%,38.20667946,-84.21713594,2020-03-19 13:27 EDT
Lyon,Kentucky,1,0,0,0%,37.0261669,-88.07899509,2020-03-19 13:27 EDT
Kenton,Kentucky,1,0,0,0%,38.93194372,-84.53299767,2020-03-19 13:27 EDT
Providence,Rhode Island,33,0,0,0%,41.82387,-71.41199,2020-03-19 13:27 EDT
Oklahoma,Oklahoma,14,0,0,0%,35.58268395,-97.50859936,2020-03-19 13:27 EDT
Tulsa,Oklahoma,4,0,1,25%,36.15011,-95.99351999999999,2020-03-19 13:27 EDT
Cleveland,Oklahoma,4,0,0,0%,35.20309375,-97.32639069,2020-03-19 13:27 EDT
Kay,Oklahoma,2,0,0,0%,36.81800612,-97.14387074,2020-03-19 13:27 EDT
Canadian,Oklahoma,2,0,0,0%,35.54258124,-97.98256476,2020-03-19 13:27 EDT
Out-of-State,Oklahoma,2,0,0,0%,35.56726285,-97.28636389,2020-03-19 13:27 EDT
Jackson,Oklahoma,1,0,0,0%,34.586625399999996,-99.41604727,2020-03-19 13:27 EDT
Payne,Oklahoma,1,0,0,0%,36.07732714,-96.9757817,2020-03-19 13:27 EDT
Pawnee,Oklahoma,1,0,0,0%,36.31690779,-96.69931207,2020-03-19 13:27 EDT
Douglas,Nebraska,23,0,0,0%,41.29535164,-96.15533409999999,2020-03-19 13:27 EDT
Knox,Nebraska,2,0,0,0%,42.63165456,-97.89463638,2020-03-19 13:27 EDT
Cass,Nebraska,1,0,0,0%,40.90975787,-96.14136094,2020-03-19 13:27 EDT
Sarpy,Nebraska,1,0,0,0%,41.11286262,-96.1134336,2020-03-19 13:27 EDT
Lincoln,Nebraska,1,0,0,0%,41.04778534,-100.7451548,2020-03-19 13:27 EDT
Adams,Nebraska,1,0,0,0%,40.52445442,-98.50120204,2020-03-19 13:27 EDT
Bernalillo,New Mexico,16,0,0,0%,35.05128463,-106.6703125,2020-03-19 13:27 EDT
Santa Fe,New Mexico,5,0,0,0%,35.69168,-105.93796,2020-03-19 13:27 EDT
Sandoval,New Mexico,4,0,0,0%,35.68878872,-106.8666133,2020-03-19 13:27 EDT
Socorro,New Mexico,2,0,0,0%,34.060140000000004,-106.89187,2020-03-19 13:27 EDT
Taos,New Mexico,1,0,0,0%,36.57785635,-105.63103570000001,2020-03-19 13:27 EDT
St. Louis,Missouri,5,0,0,0%,38.62775,-90.19955999999999,2020-03-19 13:27 EDT
Greene,Missouri,4,0,0,0%,37.25804025,-93.34201853,2020-03-19 13:27 EDT
St. Louis City,Missouri,3,0,0,0%,38.63399182,-90.24789799,2020-03-19 13:27 EDT
Jackson,Missouri,3,0,0,0%,39.00756985,-94.34626921,2020-03-19 13:27 EDT
Cass,Missouri,2,0,0,0%,38.64693149,-94.35479308,2020-03-19 13:27 EDT
Kansas City,Missouri,2,0,0,0%,39.10344,-94.58310999999999,2020-03-19 13:27 EDT
Christian,Missouri,2,2,0,0%,36.9695461,-93.18880105,2020-03-19 13:27 EDT
Henry,Missouri,1,0,0,0%,38.38842154,-93.79668046,2020-03-19 13:27 EDT
Cole,Missouri,1,0,0,0%,38.50476968,-92.28023836,2020-03-19 13:27 EDT
Boone,Missouri,1,0,1,100%,38.99174396,-92.30916735,2020-03-19 13:27 EDT
St. Charles,Missouri,1,0,0,0%,38.78394,-90.48123000000001,2020-03-19 13:27 EDT
New Castle,Delaware,17,0,0,0%,39.65977,-75.56394,2020-03-19 13:27 EDT
Sussex,Delaware,1,0,0,0%,38.66201719,-75.39879573,2020-03-19 13:27 EDT
Kent,Delaware,1,0,0,0%,39.08881449,-75.56713028,2020-03-19 13:27 EDT
Johnson,Kansas,12,0,0,0%,38.88377293,-94.82222518,2020-03-19 13:27 EDT
Wyandotte,Kansas,4,0,1,25%,39.11407013,-94.76524274,2020-03-19 13:27 EDT
Leavenworth,Kansas,2,0,0,0%,39.19872397,-95.03852507,2020-03-19 13:27 EDT
Butler,Kansas,1,0,0,0%,37.78128093,-96.83903083,2020-03-19 13:27 EDT
Franklin,Kansas,1,0,0,0%,38.56451748,-95.28594053,2020-03-19 13:27 EDT
Ford,Kansas,1,0,0,0%,37.69171326,-99.88798241,2020-03-19 13:27 EDT
Douglas,Kansas,1,0,0,0%,38.88462907,-95.29255463,2020-03-19 13:27 EDT
Cherokee,Kansas,1,1,0,0%,37.16926692,-94.84626758,2020-03-19 13:27 EDT
Jackson,Kansas,1,1,0,0%,39.41680272,-95.7936744,2020-03-19 13:27 EDT
Chittenden,Vermont,4,0,0,0%,44.45799511,-73.05404973,2020-03-19 13:27 EDT
Bennington,Vermont,3,0,0,0%,42.87672,-73.19818000000001,2020-03-19 13:27 EDT
Windsor,Vermont,3,0,0,0%,43.48115,-72.38580999999999,2020-03-19 13:27 EDT
Washington,Vermont,1,0,0,0%,44.27344561,-72.61485925,2020-03-19 13:27 EDT
Orange,Vermont,1,0,0,0%,44.148540000000004,-72.40233,2020-03-19 13:27 EDT
Addison,Vermont,1,0,0,0%,44.028073600000006,-73.13152876,2020-03-19 13:27 EDT
Fremont,Wyoming,8,0,0,0%,43.04051864,-108.63049740000001,2020-03-19 13:27 EDT
Sheridan,Wyoming,4,0,0,0%,44.79792,-106.95586999999999,2020-03-19 13:27 EDT
Laramie,Wyoming,4,0,0,0%,41.30696127,-104.68954980000001,2020-03-19 13:27 EDT
Park,Wyoming,1,0,0,0%,44.52055108,-109.5884635,2020-03-19 13:27 EDT
Teton,Wyoming,1,0,0,0%,43.91885107,-110.5962596,2020-03-19 13:27 EDT
Honolulu,Hawaii,10,0,0,0%,21.30493,-157.85788,2020-03-19 13:27 EDT
Maui,Hawaii,3,0,0,0%,20.85953512,-156.5646068,2020-03-19 13:27 EDT
Kauai,Hawaii,2,0,0,0%,22.0825024,-159.7275965,2020-03-19 13:27 EDT
Hawaii Island,Hawaii,1,0,0,0%,19.50056,-155.50056,2020-03-19 13:27 EDT
Burleigh,North Dakota,9,7,0,0%,46.97801044,-100.4669442,2020-03-19 13:27 EDT
Morton,North Dakota,3,1,0,0%,46.71678116,-101.28570520000001,2020-03-19 13:27 EDT
Ward,North Dakota,2,0,0,0%,48.22168092,-101.5418179,2020-03-19 13:27 EDT
Cass,North Dakota,1,0,0,0%,46.93296954,-97.24812121,2020-03-19 13:27 EDT
Guam,Guam,12,4,0,0%,13.52808,144.85503,2020-03-19 13:27 EDT
Minnehaha,South Dakota,5,0,0,0%,43.67417757,-96.79142458,2020-03-19 13:27 EDT
Pennington,South Dakota,1,0,1,100%,44.003745,-102.82390079999999,2020-03-19 13:27 EDT
Beadle,South Dakota,1,0,0,0%,44.41448462,-98.27810992,2020-03-19 13:27 EDT
Charles Mix,South Dakota,1,0,0,0%,43.20747461,-98.57667036,2020-03-19 13:27 EDT
Davison,South Dakota,1,0,0,0%,43.67472829,-98.14595897,2020-03-19 13:27 EDT
Bon Homme,South Dakota,1,0,0,0%,42.99336042,-97.88666966,2020-03-19 13:27 EDT
McCook,South Dakota,1,0,0,0%,43.67430648,-97.36842159999999,2020-03-19 13:27 EDT
Gallatin,Montana,3,0,0,0%,45.54045182,-111.17041090000002,2020-03-19 13:27 EDT
Missoula,Montana,3,0,0,0%,46.87278,-113.99625,2020-03-19 13:27 EDT
Yellowstone,Montana,2,0,0,0%,45.93711629,-108.2743481,2020-03-19 13:27 EDT
Silver Bow,Montana,1,0,0,0%,45.99544,-112.65661000000001,2020-03-19 13:27 EDT
Broadwater,Montana,1,0,0,0%,46.60398,-112.08559,2020-03-19 13:27 EDT
Blaine,Idaho,5,0,0,0%,43.41233465,-113.9798058,2020-03-19 13:27 EDT
Ada,Idaho,3,0,0,0%,43.45105691,-116.2411338,2020-03-19 13:27 EDT
Teton,Idaho,1,0,0,0%,43.75945168,-111.2076444,2020-03-19 13:27 EDT
Madison,Idaho,1,0,0,0%,43.78418564,-111.6591909,2020-03-19 13:27 EDT
Twin Falls,Idaho,1,0,0,0%,42.55619,-114.4696,2020-03-19 13:27 EDT
Anchorage,Alaska,4,0,0,0%,61.217530000000004,-149.85825,2020-03-19 13:27 EDT
Fairbanks North Star,Alaska,3,0,0,0%,64.80850665,-146.56348119999998,2020-03-19 13:27 EDT
Ketchikan Gateway,Alaska,1,0,0,0%,55.00186527,-130.54977,2020-03-19 13:27 EDT
Seward,Alaska,1,0,0,0%,60.11235,-149.44294,2020-03-19 13:27 EDT
Puerto Rico,Puerto Rico,5,0,0,0%,18.2226065,-66.46895343,2020-03-19 13:27 EDT
Jefferson,West Virginia,1,0,0,0%,39.30769274,-77.86269441,2020-03-19 13:27 EDT
Mercer,West Virginia,1,0,0,0%,37.40556515,-81.11143231,2020-03-19 13:27 EDT
Unassigned,New York,22,22,4,18.2%,42.165726,-74.948051,2020-03-19 13:27 EDT
Unassigned,Washington,164,0,0,0%,47.400902,-121.490494,2020-03-19 13:27 EDT
Unassigned,New Jersey,315,315,0,0%,40.298904,-74.521011,2020-03-19 13:27 EDT
Unassigned,New Jersey,28,0,0,0%,40.298904,-74.521011,2020-03-19 13:27 EDT
Unassigned,Louisiana,3,3,0,0%,31.169546,-91.867805,2020-03-19 13:27 EDT
Unknown,Illinois,16,0,0,0%,40.349457,-88.986137,2020-03-19 13:27 EDT
Unassigned,Georgia,6,6,7,116.7%,33.040619,-83.643074,2020-03-19 13:27 EDT
Unknown,Massachusetts,4,0,0,0%,42.230171,-71.530106,2020-03-19 13:27 EDT
Unassigned,North Carolina,4,4,0,0%,35.630066,-79.80641899999999,2020-03-19 13:27 EDT
Unassigned,Wisconsin,1,0,0,0%,44.268543,-89.616508,2020-03-19 13:27 EDT
Unassigned,Virginia,12,12,0,0%,37.769337,-78.16996800000001,2020-03-19 13:27 EDT
Unassigned,Maine,13,6,0,0%,44.693946999999994,-69.381927,2020-03-19 13:27 EDT
Unassigned,Arkansas,42,9,0,0%,34.969704,-92.37312299999999,2020-03-19 13:27 EDT
Unassigned,Kentucky,6,0,0,0%,37.66814,-84.670067,2020-03-19 13:27 EDT
Unassigned,Missouri,1,0,0,0%,38.456084999999995,-92.288368,2020-03-19 13:27 EDT
Unassigned,Delaware,7,0,0,0%,39.318523,-75.507141,2020-03-19 13:27 EDT
Unassigned,Vermont,6,0,0,0%,44.045876,-72.710686,2020-03-19 13:27 EDT
Unassigned,Montana,1,0,0,0%,46.921925,-110.454353,2020-03-19 13:27 EDT
Unassigned,US Virgin Islands,2,0,0,0%,17.752625,-64.73541999999999,2020-03-19 13:27 EDT
Unassigned,US Virgin Islands,1,1,0,0%,17.752625,-64.73541999999999,2020-03-19 13:27 EDT
Early,Georgia,2,2,0,0%,31.322755887000028,-84.90368024199995,2020-03-19 13:27 EDT
Glynn,Georgia,2,2,0,0%,31.232582566000076,-81.54266737099994,2020-03-19 13:27 EDT
Laurens,Georgia,2,2,0,0%,32.46368816900008,-82.92216464999996,2020-03-19 13:27 EDT
Bibb,Georgia,1,1,0,0%,32.80663591500007,-83.69775904499994,2020-03-19 13:27 EDT
Peach,Georgia,1,1,0,0%,32.56881180200003,-83.82678716999999,2020-03-19 13:27 EDT
Muscogee,Georgia,1,1,0,0%,32.50990010800007,-84.87686883799995,2020-03-19 13:27 EDT
Westmoreland,Pennsylvania,2,2,0,0%,40.310772400000076,-79.46697991799994,2020-03-19 13:27 EDT
Lebanon,Pennsylvania,1,1,0,0%,40.36719795400006,-76.45774632799998,2020-03-19 13:27 EDT
Linn,Kansas,1,1,0,0%,38.212274609000076,-94.84295890699997,2020-03-19 13:27 EDT
